{
  "timestamp_utc": "2026-02-25T16:43:22.041405+00:00",
  "inputs": {
    "sae_source": "primary",
    "layer": 16,
    "sae_release": "llama_scope_lxr_32x",
    "sae_id": "l16r_32x",
    "model_names": [
      "meta-llama/Llama-3.1-8B",
      "meta-llama/Llama-3.1-8B-Instruct"
    ],
    "n_probe_rows": 12,
    "probe_traits": [
      "evil",
      "hallucination",
      "sycophancy"
    ],
    "seed": 42
  },
  "evidence_status": {
    "reconstruction_metrics": "observed",
    "permutation_control": "observed",
    "vector_projection_diagnostics": "observed",
    "base_vs_instruct_gap": "observed",
    "hook_mismatch_interpretation": "inferred"
  },
  "vector_projection_diagnostics": {
    "sycophancy": {
      "evidence_status": "observed",
      "top_100_projection_mass": 0.0298552322875236,
      "top_feature_pairwise_max_abs_cosine": 0.6039775013923645,
      "feature_splitting_risk_ge_0_4": true
    },
    "evil": {
      "evidence_status": "observed",
      "top_100_projection_mass": 0.041443144896872695,
      "top_feature_pairwise_max_abs_cosine": 0.6717478036880493,
      "feature_splitting_risk_ge_0_4": true
    },
    "hallucination": {
      "evidence_status": "observed",
      "top_100_projection_mass": 0.02043327473906877,
      "top_feature_pairwise_max_abs_cosine": 0.9718686938285828,
      "feature_splitting_risk_ge_0_4": true
    }
  },
  "model_results": {
    "meta-llama/Llama-3.1-8B": {
      "evidence_status": {
        "overall_metrics": "observed",
        "trait_metrics": "observed"
      },
      "overall": {
        "reconstruction_cosine": {
          "n": 12,
          "mean": 0.1261052650709947,
          "median": 0.12607397139072418,
          "std": 0.0003480153956995625,
          "p10": 0.12568577229976655,
          "p90": 0.1265204980969429,
          "frac_lt_0_8": 1.0,
          "frac_ge_0_9": 0.0
        },
        "explained_variance": {
          "n": 12,
          "mean": -27152.318196614582,
          "median": -27131.6044921875,
          "std": 170.1232874201962,
          "p10": -27357.6599609375,
          "p90": -26949.3349609375,
          "frac_lt_0_8": 1.0,
          "frac_ge_0_9": 0.0
        },
        "relative_error_norm": {
          "n": 12,
          "mean": 164.78183237711588,
          "median": 164.71974182128906,
          "std": 0.5162924147265445,
          "p10": 164.16556091308593,
          "p90": 165.4045425415039,
          "frac_lt_0_8": 0.0,
          "frac_ge_0_9": 1.0
        },
        "feature_l0_mean": {
          "n": 12,
          "mean": 1606.5236206054688,
          "median": 1516.8389892578125,
          "std": 265.05160471444765,
          "p10": 1320.1527954101562,
          "p90": 1930.3230712890625,
          "frac_lt_0_8": 0.0,
          "frac_ge_0_9": 1.0
        },
        "permutation_reconstruction_cosine": {
          "n": 12,
          "mean": -0.06769674830138683,
          "median": -0.06756260991096497,
          "std": 0.0009805785024261772,
          "p10": -0.06890433505177498,
          "p90": -0.06654344573616981,
          "frac_lt_0_8": 1.0,
          "frac_ge_0_9": 0.0
        },
        "permutation_median_gap": 0.19363658130168915,
        "status": "fail"
      },
      "by_trait": {
        "sycophancy": {
          "evidence_status": {
            "reconstruction_metrics": "observed",
            "permutation_control": "observed"
          },
          "reconstruction_cosine": {
            "n": 4,
            "mean": 0.1257423833012581,
            "median": 0.12578383088111877,
            "std": 0.0001643717218793323,
            "p10": 0.12555525153875352,
            "p90": 0.12589635699987411,
            "frac_lt_0_8": 1.0,
            "frac_ge_0_9": 0.0
          },
          "explained_variance": {
            "n": 4,
            "mean": -26976.69873046875,
            "median": -26995.3056640625,
            "std": 76.84296998430523,
            "p10": -27049.1931640625,
            "p90": -26889.31875,
            "frac_lt_0_8": 1.0,
            "frac_ge_0_9": 0.0
          },
          "relative_error_norm": {
            "n": 4,
            "mean": 164.24872207641602,
            "median": 164.30545043945312,
            "std": 0.23398702178326383,
            "p10": 163.98263397216797,
            "p90": 164.46942749023438,
            "frac_lt_0_8": 0.0,
            "frac_ge_0_9": 1.0
          },
          "feature_l0_mean": {
            "n": 4,
            "mean": 1352.1207275390625,
            "median": 1372.347412109375,
            "std": 85.44205243744373,
            "p10": 1255.3167236328125,
            "p90": 1432.7433837890626,
            "frac_lt_0_8": 0.0,
            "frac_ge_0_9": 1.0
          },
          "permutation_reconstruction_cosine": {
            "n": 4,
            "mean": -0.06820019334554672,
            "median": -0.06825071945786476,
            "std": 0.0013305323687710258,
            "p10": -0.06961153447628021,
            "p90": -0.0667484313249588,
            "frac_lt_0_8": 1.0,
            "frac_ge_0_9": 0.0
          },
          "permutation_median_gap": 0.19403455033898354,
          "status": "fail"
        },
        "evil": {
          "evidence_status": {
            "reconstruction_metrics": "observed",
            "permutation_control": "observed"
          },
          "reconstruction_cosine": {
            "n": 4,
            "mean": 0.12611474469304085,
            "median": 0.12607397139072418,
            "std": 0.00027902420741991865,
            "p10": 0.12584047317504882,
            "p90": 0.1264216348528862,
            "frac_lt_0_8": 1.0,
            "frac_ge_0_9": 0.0
          },
          "explained_variance": {
            "n": 4,
            "mean": -27160.44921875,
            "median": -27131.6044921875,
            "std": 145.58501685700696,
            "p10": -27321.5412109375,
            "p90": -27022.4330078125,
            "frac_lt_0_8": 1.0,
            "frac_ge_0_9": 0.0
          },
          "relative_error_norm": {
            "n": 4,
            "mean": 164.80672073364258,
            "median": 164.71974182128906,
            "std": 0.44136897948500287,
            "p10": 164.38799285888672,
            "p90": 165.29503173828124,
            "frac_lt_0_8": 0.0,
            "frac_ge_0_9": 1.0
          },
          "feature_l0_mean": {
            "n": 4,
            "mean": 1626.2309875488281,
            "median": 1516.8389892578125,
            "std": 274.73230879076647,
            "p10": 1406.1623413085938,
            "p90": 1933.813232421875,
            "frac_lt_0_8": 0.0,
            "frac_ge_0_9": 1.0
          },
          "permutation_reconstruction_cosine": {
            "n": 4,
            "mean": -0.06727566570043564,
            "median": -0.06732296198606491,
            "std": 0.0004110465943024912,
            "p10": -0.06768594905734063,
            "p90": -0.06682754531502724,
            "frac_lt_0_8": 1.0,
            "frac_ge_0_9": 0.0
          },
          "permutation_median_gap": 0.1933969333767891,
          "status": "fail"
        },
        "hallucination": {
          "evidence_status": {
            "reconstruction_metrics": "observed",
            "permutation_control": "observed"
          },
          "reconstruction_cosine": {
            "n": 4,
            "mean": 0.12645866721868515,
            "median": 0.1264428123831749,
            "std": 4.249065330566503e-05,
            "p10": 0.12642263621091843,
            "p90": 0.12650738209486007,
            "frac_lt_0_8": 1.0,
            "frac_ge_0_9": 0.0
          },
          "explained_variance": {
            "n": 4,
            "mean": -27319.806640625,
            "median": -27312.306640625,
            "std": 27.663519504133795,
            "p10": -27351.4134765625,
            "p90": -27294.1998046875,
            "frac_lt_0_8": 1.0,
            "frac_ge_0_9": 0.0
          },
          "relative_error_norm": {
            "n": 4,